1,SMARTPHONE_CASE,HEADPHONES,WALLET,
2,SMARTPHONE_CASE,SCREEN_CLEANER,CHAIR,
3,SCREEN_CLEANER,KEYBOARD,HDMI_CABLE,SCREEN GUARD
4,CHARGER,HEADPHONES,HDMI_CABLE,
5,SMARTPHONE,SMARTPHONE_CASE,HDMI_CABLE,
6,CHARGER,SMARTPHONE_CASE,HEADPHONES,HDMI_CABLE
7,SCREEN_CLEANER,KEYBOARD,HDMI_CABLE,SCREEN GUARD
8,SMARTPHONE_CASE,CHAIR,WALLET,
9,SMARTPHONE_CASE,SCREEN_CLEANER,CHAIR,
10,SMARTPHONE_CASE,HEADPHONES,WALLET,
11,HEADPHONES,SMARTPHONE,SCREEN_CLEANER,SCREEN GUARD
12,SCREEN_CLEANER,CHAIR,WALLET,
13,CHARGER,HEADPHONES,SCREEN GUARD,
14,SCREEN_CLEANER,CHAIR,SCREEN GUARD,
15,SMARTPHONE_CASE,CHAIR,HDMI_CABLE,
16,TABLE,CHARGER,SMARTPHONE_CASE,HEADPHONES
17,SMARTPHONE_CASE,SCREEN_CLEANER,KEYBOARD,
18,SMARTPHONE_CASE,SMARTPHONE,,
19,SMARTPHONE_CASE,SMARTPHONE,HDMI_CABLE,SCREEN GUARD
20,TABLE,CHARGER,SMARTPHONE_CASE,SMARTPHONE
21,SMARTPHONE_CASE,SMARTPHONE,HDMI_CABLE,SCREEN GUARD
22,SMARTPHONE,SMARTPHONE_CASE,HDMI_CABLE,
23,SCREEN_CLEANER,CHAIR,SCREEN GUARD,
24,SMARTPHONE_CASE,SCREEN_CLEANER,CHAIR,
25,TABLE,CHARGER,SMARTPHONE_CASE,HEADPHONES
26,HEADPHONES,SMARTPHONE,SCREEN_CLEANER,SCREEN GUARD
27,SCREEN_CLEANER,KEYBOARD,HDMI_CABLE,SCREEN GUARD
28,CHARGER,HEADPHONES,SCREEN GUARD,
29,CHARGER,HEADPHONES,HDMI_CABLE,
30,SMARTPHONE_CASE,CHAIR,HDMI_CABLE,
31,CHARGER,SMARTPHONE_CASE,HEADPHONES,HDMI_CABLE
32,SCREEN_CLEANER,CHAIR,WALLET,
33,SMARTPHONE_CASE,HEADPHONES,WALLET,
34,SMARTPHONE_CASE,SCREEN_CLEANER,KEYBOARD,
35,SCREEN_CLEANER,KEYBOARD,HDMI_CABLE,SCREEN GUARD
